{"cameraMode":{"drawMode":0,"name":"Shaded","section":"Shading Mode"},"sceneLighting":true,"audioPlay":false,"sceneViewState":{"m_AlwaysRefresh":false,"showFog":true,"showSkybox":true,"showFlares":true,"showImageEffects":true,"showParticleSystems":true,"showVisualEffectGraphs":true,"m_FxEnabled":true},"in2DMode":false,"pivot":{"x":-0.1517215520143509,"y":23.639225006103517,"z":40.76419448852539},"rotation":{"x":0.26931700110435488,"y":0.009246662259101868,"z":0.0025688030291348697,"w":-0.9630265235900879},"size":29.795913696289064,"orthographic":false}