{"cameraMode":{"drawMode":0,"name":"Shaded","section":"Shading Mode"},"sceneLighting":true,"audioPlay":false,"sceneViewState":{"m_AlwaysRefresh":false,"showFog":true,"showSkybox":true,"showFlares":true,"showImageEffects":true,"showParticleSystems":true,"showVisualEffectGraphs":true,"m_FxEnabled":true},"in2DMode":false,"pivot":{"x":-126.50140380859375,"y":39.10422897338867,"z":489.40924072265627},"rotation":{"x":0.05097482353448868,"y":0.9264898300170898,"z":-0.13605737686157227,"w":0.3471328318119049},"size":75.37991333007813,"orthographic":false}