{"cameraMode":{"drawMode":0,"name":"Shaded","section":"Shading Mode"},"sceneLighting":true,"audioPlay":false,"sceneViewState":{"m_AlwaysRefresh":false,"showFog":true,"showSkybox":true,"showFlares":true,"showImageEffects":true,"showParticleSystems":true,"showVisualEffectGraphs":true,"m_FxEnabled":true},"in2DMode":false,"pivot":{"x":-71.99520874023438,"y":271.54644775390627,"z":-309.74090576171877},"rotation":{"x":0.12740656733512879,"y":0.15290415287017823,"z":-0.019885221496224405,"w":0.9797863364219666},"size":305.0872497558594,"orthographic":false}