{"cameraMode":{"drawMode":0,"name":"Shaded","section":"Shading Mode"},"sceneLighting":true,"audioPlay":false,"sceneViewState":{"m_AlwaysRefresh":false,"showFog":true,"showSkybox":true,"showFlares":true,"showImageEffects":true,"showParticleSystems":true,"showVisualEffectGraphs":true,"m_FxEnabled":true},"in2DMode":false,"pivot":{"x":169.6712188720703,"y":8.578512191772461,"z":598.9779663085938},"rotation":{"x":-0.031249498948454858,"y":0.6422382593154907,"z":-0.026230618357658387,"w":-0.7654432058334351},"size":4.2957587242126469,"orthographic":false}