{"cameraMode":{"drawMode":0,"name":"Shaded","section":"Shading Mode"},"sceneLighting":true,"audioPlay":false,"sceneViewState":{"m_AlwaysRefresh":false,"showFog":true,"showSkybox":true,"showFlares":true,"showImageEffects":true,"showParticleSystems":true,"showVisualEffectGraphs":true,"m_FxEnabled":true},"in2DMode":false,"pivot":{"x":130.7062530517578,"y":-100.06502532958985,"z":480.42767333984377},"rotation":{"x":0.09973874688148499,"y":0.13273300230503083,"z":-0.013428785838186741,"w":0.9860246777534485},"size":259.4150695800781,"orthographic":false}